abs_val,cagr_val,date_range,start_date,end_date
27.38,8.4,Jun-09 - May-12,2009-06-01,2012-05-31
34.16,10.29,Jul-09 - Jun-12,2009-07-01,2012-06-30
24.23,7.5,Aug-09 - Jul-12,2009-08-01,2012-07-31
25.17,7.77,Sep-09 - Aug-12,2009-09-01,2012-08-31
22.6,7.03,Oct-09 - Sep-12,2009-10-01,2012-09-30
27.75,8.51,Nov-09 - Oct-12,2009-11-01,2012-10-31
26.35,8.11,Dec-09 - Nov-12,2009-12-01,2012-11-30
22.54,7.01,Jan-10 - Dec-12,2010-01-01,2012-12-31
30.93,9.4,Feb-10 - Jan-13,2010-02-01,2013-01-31
24.53,7.59,Mar-10 - Feb-13,2010-03-01,2013-02-28
18.34,5.77,Apr-10 - Mar-13,2010-04-01,2013-03-31
24.1,7.46,May-10 - Apr-13,2010-05-01,2013-04-30
32.65,9.88,Jun-10 - May-13,2010-06-01,2013-05-31
22.74,7.07,Jul-10 - Jun-13,2010-07-01,2013-06-30
16.79,5.31,Aug-10 - Jul-13,2010-08-01,2013-07-31
8.52,2.76,Sep-10 - Aug-13,2010-09-01,2013-08-31
6.6,2.15,Oct-10 - Sep-13,2010-10-01,2013-09-30
13.0,4.16,Nov-10 - Oct-13,2010-11-01,2013-10-31
15.03,4.78,Dec-10 - Nov-13,2010-12-01,2013-11-30
17.39,5.49,Jan-11 - Dec-13,2011-01-01,2013-12-31
23.56,7.31,Feb-11 - Jan-14,2011-02-01,2014-01-31
35.05,10.53,Mar-11 - Feb-14,2011-03-01,2014-02-28
27.58,8.46,Apr-11 - Mar-14,2011-04-01,2014-03-31
28.24,8.64,May-11 - Apr-14,2011-05-01,2014-04-30
41.43,12.25,Jun-11 - May-14,2011-06-01,2014-05-31
47.12,13.73,Jul-11 - Jun-14,2011-07-01,2014-06-30
55.08,15.75,Aug-11 - Jul-14,2011-08-01,2014-07-31
69.43,19.22,Sep-11 - Aug-14,2011-09-01,2014-08-31
77.46,21.07,Oct-11 - Sep-14,2011-10-01,2014-09-30
73.42,20.14,Nov-11 - Oct-14,2011-11-01,2014-10-31
95.12,24.96,Dec-11 - Nov-14,2011-12-01,2014-11-30
98.46,25.67,Jan-12 - Dec-14,2012-01-01,2014-12-31
89.37,23.72,Feb-12 - Jan-15,2012-02-01,2015-01-31
85.51,22.87,Mar-12 - Feb-15,2012-02-29,2015-02-28
85.72,22.92,Apr-12 - Mar-15,2012-04-01,2015-03-31
80.43,21.74,May-12 - Apr-15,2012-05-01,2015-04-30
99.25,25.84,Jun-12 - May-15,2012-06-01,2015-05-31
85.15,22.79,Jul-12 - Jun-15,2012-07-01,2015-06-30
91.1,24.1,Aug-12 - Jul-15,2012-08-01,2015-07-31
74.65,20.43,Sep-12 - Aug-15,2012-09-01,2015-08-31
64.44,18.03,Oct-12 - Sep-15,2012-10-01,2015-09-30
64.85,18.13,Nov-12 - Oct-15,2012-11-01,2015-10-31
55.01,15.73,Dec-12 - Nov-15,2012-12-01,2015-11-30
54.11,15.51,Jan-13 - Dec-15,2013-01-01,2015-12-31
44.84,13.14,Feb-13 - Jan-16,2013-02-01,2016-01-31
41.48,12.26,Mar-13 - Feb-16,2013-03-01,2016-02-29
55.51,15.86,Apr-13 - Mar-16,2013-04-01,2016-03-31
50.34,14.56,May-13 - Apr-16,2013-05-01,2016-04-30
49.53,14.35,Jun-13 - May-16,2013-06-01,2016-05-31
57.48,16.34,Jul-13 - Jun-16,2013-07-01,2016-06-30
69.44,19.22,Aug-13 - Jul-16,2013-08-01,2016-07-31
80.51,21.76,Sep-13 - Aug-16,2013-09-01,2016-08-31
70.25,19.41,Oct-13 - Sep-16,2013-10-01,2016-09-30
57.16,16.26,Nov-13 - Oct-16,2013-11-01,2016-10-31
48.54,14.1,Dec-13 - Nov-16,2013-12-01,2016-11-30
39.28,11.68,Jan-14 - Dec-16,2014-01-01,2016-12-31
53.09,15.25,Feb-14 - Jan-17,2014-02-01,2017-01-31
55.72,15.91,Mar-14 - Feb-17,2014-03-01,2017-02-28
57.37,16.32,Apr-14 - Mar-17,2014-04-01,2017-03-31
60.63,17.11,May-14 - Apr-17,2014-05-01,2017-04-30
47.85,13.92,Jun-14 - May-17,2014-06-01,2017-05-31
40.14,11.91,Jul-14 - Jun-17,2014-07-01,2017-06-30
44.04,12.94,Aug-14 - Jul-17,2014-08-01,2017-07-31
37.59,11.22,Sep-14 - Aug-17,2014-09-01,2017-08-31
33.03,9.98,Oct-14 - Sep-17,2014-10-01,2017-09-30
35.57,10.68,Nov-14 - Oct-17,2014-11-01,2017-10-31
29.82,9.09,Dec-14 - Nov-17,2014-12-01,2017-11-30
35.39,10.63,Jan-15 - Dec-17,2015-01-01,2017-12-31
32.48,9.83,Feb-15 - Jan-18,2015-02-01,2018-01-31
25.64,7.9,Mar-15 - Feb-18,2015-03-01,2018-02-28
23.17,7.19,Apr-15 - Mar-18,2015-04-01,2018-03-31
35.9,10.77,May-15 - Apr-18,2015-05-01,2018-04-30
28.73,8.78,Jun-15 - May-18,2015-06-01,2018-05-31
30.4,9.25,Jul-15 - Jun-18,2015-07-01,2018-06-30
34.93,10.5,Aug-15 - Jul-18,2015-08-01,2018-07-31
49.22,14.27,Sep-15 - Aug-18,2015-09-01,2018-08-31
35.25,10.59,Oct-15 - Sep-18,2015-10-01,2018-09-30
29.31,8.95,Nov-15 - Oct-18,2015-11-01,2018-10-31
37.07,11.08,Dec-15 - Nov-18,2015-12-01,2018-11-30
36.61,10.96,Jan-16 - Dec-18,2016-01-01,2018-12-31
42.91,12.64,Feb-16 - Jan-19,2016-02-01,2019-01-31
53.03,15.24,Mar-16 - Feb-19,2016-02-29,2019-02-28
48.04,13.97,Apr-16 - Mar-19,2016-04-01,2019-03-31
46.4,13.55,May-16 - Apr-19,2016-05-01,2019-04-30
45.1,13.21,Jun-16 - May-19,2016-06-01,2019-05-31
41.88,12.37,Jul-16 - Jun-19,2016-07-01,2019-06-30
27.37,8.4,Aug-16 - Jul-19,2016-08-01,2019-07-31
25.43,7.85,Sep-16 - Aug-19,2016-09-01,2019-08-31
32.23,9.76,Oct-16 - Sep-19,2016-10-01,2019-09-30
36.19,10.84,Nov-16 - Oct-19,2016-11-01,2019-10-31
47.17,13.75,Dec-16 - Nov-19,2016-12-01,2019-11-30
51.73,14.91,Jan-17 - Dec-19,2017-01-01,2019-12-31
46.29,13.52,Feb-17 - Jan-20,2017-02-01,2020-01-31
32.2,9.75,Mar-17 - Feb-20,2017-03-01,2020-02-29
-1.87,-0.63,Apr-17 - Mar-20,2017-04-01,2020-03-31
7.9,2.57,May-17 - Apr-20,2017-05-01,2020-04-30
2.73,0.9,Jun-17 - May-20,2017-06-01,2020-05-31
10.37,3.34,Jul-17 - Jun-20,2017-07-01,2020-06-30
12.57,4.03,Aug-17 - Jul-20,2017-08-01,2020-07-31
17.06,5.39,Sep-17 - Aug-20,2017-09-01,2020-08-31
17.17,5.42,Oct-17 - Sep-20,2017-10-01,2020-09-30
15.55,4.94,Nov-17 - Oct-20,2017-11-01,2020-10-31
27.14,8.33,Dec-17 - Nov-20,2017-12-01,2020-11-30
33.0,9.97,Jan-18 - Dec-20,2018-01-01,2020-12-31
24.63,7.62,Feb-18 - Jan-21,2018-02-01,2021-01-31
38.54,11.48,Mar-18 - Feb-21,2018-03-01,2021-02-28
43.34,12.75,Apr-18 - Mar-21,2018-04-01,2021-03-31
33.06,9.99,May-18 - Apr-21,2018-05-01,2021-04-30
41.14,12.17,Jun-18 - May-21,2018-06-01,2021-05-31
45.17,13.23,Jul-18 - Jun-21,2018-07-01,2021-06-30
39.53,11.74,Aug-18 - Jul-21,2018-08-01,2021-07-31
45.39,13.29,Sep-18 - Aug-21,2018-09-01,2021-08-31
61.59,17.35,Oct-18 - Sep-21,2018-10-01,2021-09-30
70.29,19.42,Nov-18 - Oct-21,2018-11-01,2021-10-31
57.92,16.45,Dec-18 - Nov-21,2018-12-01,2021-11-30
61.39,17.3,Jan-19 - Dec-21,2019-01-01,2021-12-31
62.12,17.47,Feb-19 - Jan-22,2019-02-01,2022-01-31
56.37,16.07,Mar-19 - Feb-22,2019-03-01,2022-02-28
51.69,14.9,Apr-19 - Mar-22,2019-04-01,2022-03-31
47.44,13.82,May-19 - Apr-22,2019-05-01,2022-04-30
39.8,11.82,Jun-19 - May-22,2019-06-01,2022-05-31
34.07,10.27,Jul-19 - Jun-22,2019-07-01,2022-06-30
53.9,15.45,Aug-19 - Jul-22,2019-08-01,2022-07-31
59.04,16.73,Sep-19 - Aug-22,2019-09-01,2022-08-31
48.64,14.12,Oct-19 - Sep-22,2019-10-01,2022-09-30
51.07,14.74,Nov-19 - Oct-22,2019-11-01,2022-10-31
55.32,15.81,Dec-19 - Nov-22,2019-12-01,2022-11-30
49.6,14.37,Jan-20 - Dec-22,2020-01-01,2022-12-31
45.52,13.32,Feb-20 - Jan-23,2020-02-01,2023-01-31
51.81,14.93,Mar-20 - Feb-23,2020-02-29,2023-02-28
98.17,25.61,Apr-20 - Mar-23,2020-04-01,2023-03-31
81.53,21.99,May-20 - Apr-23,2020-05-01,2023-04-30
94.28,24.78,Jun-20 - May-23,2020-06-01,2023-05-31
88.05,23.43,Jul-20 - Jun-23,2020-07-01,2023-06-30
80.24,21.7,Aug-20 - Jul-23,2020-08-01,2023-07-31
73.17,20.09,Sep-20 - Aug-23,2020-09-01,2023-08-31
77.98,21.19,Oct-20 - Sep-23,2020-10-01,2023-09-30
67.16,18.68,Nov-20 - Oct-23,2020-11-01,2023-10-31
61.66,17.36,Dec-20 - Nov-23,2020-12-01,2023-11-30
60.36,17.05,Jan-21 - Dec-23,2021-01-01,2023-12-31
66.43,18.51,Feb-21 - Jan-24,2021-02-01,2024-01-31
60.3,17.03,Mar-21 - Feb-24,2021-03-01,2024-02-29
62.3,17.52,Apr-21 - Mar-24,2021-04-01,2024-03-31
67.06,18.66,May-21 - Apr-24,2021-05-01,2024-04-30
58.21,16.52,Jun-21 - May-24,2021-06-01,2024-05-31
65.05,18.18,Jul-21 - Jun-24,2021-07-01,2024-06-30
68.76,19.06,Aug-21 - Jul-24,2021-08-01,2024-07-31
59.95,16.95,Sep-21 - Aug-24,2021-09-01,2024-08-31
60.88,17.18,Oct-21 - Sep-24,2021-10-01,2024-09-30
50.22,14.53,Nov-21 - Oct-24,2021-11-01,2024-10-31
54.22,15.53,Dec-21 - Nov-24,2021-12-01,2024-11-30
48.97,14.21,Jan-22 - Dec-24,2022-01-01,2024-12-31
46.2,13.5,Feb-22 - Jan-25,2022-02-01,2025-01-31
41.85,12.36,Mar-22 - Feb-25,2022-03-01,2025-02-28
46.52,13.58,Apr-22 - Mar-25,2022-04-01,2025-03-31
53.92,15.46,May-22 - Apr-25,2022-05-01,2025-04-30
62.22,17.5,Jun-22 - May-25,2022-06-01,2025-05-31
75.24,20.56,Jul-22 - Jun-25,2022-07-01,2025-06-30
55.57,15.87,Aug-22 - Jul-25,2022-08-01,2025-07-31
48.49,14.09,Sep-22 - Aug-25,2022-09-01,2025-08-31
54.59,15.63,Oct-22 - Sep-25,2022-10-01,2025-09-30
52.91,15.21,Nov-22 - Oct-25,2022-11-01,2025-10-31
49.88,14.44,Dec-22 - Nov-25,2022-12-01,2025-11-30
54.53,15.61,Jan-23 - Dec-25,2023-01-01,2025-12-31
53.3,15.3,Feb-23 - Jan-26,2023-02-01,2026-01-31
56.07,16.0,Mar-23 - Feb-26,2023-03-01,2026-02-28
37.09,11.09,Apr-23 - Mar-26,2023-04-01,2026-03-31
41.74,12.33,May-23 - Apr-26,2023-05-01,2026-04-30
36.17,10.84,Jun-23 - May-26,2023-06-01,2026-05-31
32.73,9.9,Jul-23 - Jun-26,2023-07-01,2026-06-30
32.05,9.71,Aug-23 - Jul-26,2023-08-01,2026-07-31
